{
 "filetype": "conformal-table",
 "data": [
  {
   "Object": "/lock_reg/U$1",
   "Type": "DFF",
   "Mapping": "/lock_reg",
   "Phase": "+",
   "User Setup object phase inversion": "+",
   "User Setup mapped object phase inversion": "",
   "highlite": 0
  },
  {
   "Object": "/current_state_reg_0/U$1",
   "Type": "DFF",
   "Mapping": "/current_state_reg[0]",
   "Phase": "+",
   "User Setup object phase inversion": "+",
   "User Setup mapped object phase inversion": "",
   "highlite": 0
  },
  {
   "Object": "/current_state_reg_1/U$1",
   "Type": "DFF",
   "Mapping": "/current_state_reg[1]",
   "Phase": "+",
   "User Setup object phase inversion": "+",
   "User Setup mapped object phase inversion": "",
   "highlite": 0
  },
  {
   "Object": "/current_lock_reg/U$1",
   "Type": "DFF",
   "Mapping": "/current_lock_reg",
   "Phase": "+",
   "User Setup object phase inversion": "+",
   "User Setup mapped object phase inversion": "",
   "highlite": 0
  }
 ],
 "cols": [
  {
   "key": "Object"
  },
  {
   "key": "Type"
  },
  {
   "key": "Mapping"
  },
  {
   "key": "Phase"
  },
  {
   "key": "User Setup object phase inversion"
  },
  {
   "key": "User Setup mapped object phase inversion"
  }
 ],
 "sort": [
  "-highlite"
 ]
}