{
 "filetype": "conformal-table",
 "data": [
  {
   "Object": "/current_state_reg[2]",
   "Type": "DFF",
   "Design": "G",
   "User Setup representative": "/current_lock_reg",
   "LEC representative": "/current_lock_reg",
   "User Setup phase": "+",
   "LEC phase": "+",
   "highlite": 0
  },
  {
   "Object": "/state_reg[2]",
   "Type": "DFF",
   "Design": "G",
   "User Setup representative": "/current_lock_reg",
   "LEC representative": "/current_lock_reg",
   "User Setup phase": "+",
   "LEC phase": "+",
   "highlite": 0
  },
  {
   "Object": "/state_reg[0]",
   "Type": "DFF",
   "Design": "G",
   "User Setup representative": "/current_state_reg_0",
   "LEC representative": "/current_state_reg[0]",
   "User Setup phase": "+",
   "LEC phase": "+",
   "highlite": 0
  },
  {
   "Object": "/state_reg[1]",
   "Type": "DFF",
   "Design": "G",
   "User Setup representative": "/current_state_reg_1",
   "LEC representative": "/current_state_reg[1]",
   "User Setup phase": "+",
   "LEC phase": "+",
   "highlite": 0
  }
 ],
 "cols": [
  {
   "key": "Object"
  },
  {
   "key": "Type"
  },
  {
   "key": "Design"
  },
  {
   "key": "User Setup representative"
  },
  {
   "key": "LEC representative"
  },
  {
   "key": "User Setup phase"
  },
  {
   "key": "LEC phase"
  }
 ],
 "sort": [
  "-highlite"
 ]
}